{
  "labels": [
    "edge_ring",
    "center_blob",
    "leak_top",
    "leak_bottom"
  ],
  "thresholds": {
    "edge_ring": 0.5,
    "center_blob": 0.5,
    "leak_top": 0.5,
    "leak_bottom": 0.5
  },
  "heads_present": [
    "image_only",
    "tabular_only",
    "fusion"
  ],
  "head_group_accuracy": {
    "image_only": {
      "real_single": {
        "accuracy": 0.7222222222222222,
        "support": 180.0,
        "correct": 130.0,
        "ci_low": 0.652665499946382,
        "ci_high": 0.7824917223580367
      },
      "real_composite": {
        "accuracy": 0.5833333333333334,
        "support": 60.0,
        "correct": 35.0,
        "ci_low": 0.45727854313239624,
        "ci_high": 0.6993591351212818
      },
      "synthetic_composite": {
        "accuracy": 0.58,
        "support": 150.0,
        "correct": 87.0,
        "ci_low": 0.49998333511352705,
        "ci_high": 0.656021282623158
      }
    },
    "tabular_only": {
      "real_single": {
        "accuracy": 1.0,
        "support": 180.0,
        "correct": 180.0,
        "ci_low": 0.9791037501849418,
        "ci_high": 1.0
      },
      "real_composite": {
        "accuracy": 0.55,
        "support": 60.0,
        "correct": 33.0,
        "ci_low": 0.42491714548981496,
        "ci_high": 0.6690654614623918
      },
      "synthetic_composite": {
        "accuracy": NaN,
        "support": 0.0,
        "correct": 0.0,
        "ci_low": 0.0,
        "ci_high": 1.0
      }
    },
    "fusion": {
      "real_single": {
        "accuracy": 0.9888888888888889,
        "support": 180.0,
        "correct": 178.0,
        "ci_low": 0.9603981999780283,
        "ci_high": 0.9969476890916927
      },
      "real_composite": {
        "accuracy": 0.9666666666666667,
        "support": 60.0,
        "correct": 58.0,
        "ci_low": 0.8863601247107462,
        "ci_high": 0.9908108735098498
      },
      "synthetic_composite": {
        "accuracy": NaN,
        "support": 0.0,
        "correct": 0.0,
        "ci_low": 0.0,
        "ci_high": 1.0
      }
    }
  },
  "kpi_by_head": {
    "image_only": {
      "single_acc": 0.7222222222222222,
      "composite_acc": 0.5833333333333334,
      "kpi_product": 0.42129629629629634,
      "single_support": 180.0,
      "composite_support": 60.0,
      "composite_ci_low": 0.45727854313239624,
      "composite_ci_high": 0.6993591351212818
    },
    "tabular_only": {
      "single_acc": 1.0,
      "composite_acc": 0.55,
      "kpi_product": 0.55,
      "single_support": 180.0,
      "composite_support": 60.0,
      "composite_ci_low": 0.42491714548981496,
      "composite_ci_high": 0.6690654614623918
    },
    "fusion": {
      "single_acc": 0.9888888888888889,
      "composite_acc": 0.9666666666666667,
      "kpi_product": 0.955925925925926,
      "single_support": 180.0,
      "composite_support": 60.0,
      "composite_ci_low": 0.8863601247107462,
      "composite_ci_high": 0.9908108735098498
    }
  },
  "fusion_gain": {
    "fusion_kpi": 0.955925925925926,
    "best_unimodal_kpi": 0.55,
    "gain": 0.4059259259259259,
    "gain_over_image_only": 0.5346296296296296,
    "gain_over_tabular_only": 0.4059259259259259
  },
  "collapse_diagnostic": {
    "available": 1.0,
    "n_composite": 60.0,
    "image_only_subset_acc": 0.5833333333333334,
    "fusion_subset_acc": 0.9666666666666667,
    "fusion_gain_over_image": 0.3833333333333333,
    "tabular_rescue_candidates": 17.0,
    "fusion_followed_tabular": 15.0,
    "fusion_follow_rate": 0.8823529411764706,
    "fusion_regressions": 0.0
  },
  "identity_slice": {
    "identity_labels": [
      "leak_top",
      "leak_bottom"
    ],
    "n": 141.0,
    "by_head": {
      "image_only": {
        "accuracy": 0.46808510638297873,
        "support": 141.0,
        "correct": 66.0,
        "ci_low": 0.38766415979626306,
        "ci_high": 0.5501989955403254
      },
      "tabular_only": {
        "accuracy": 0.8794326241134752,
        "support": 141.0,
        "correct": 124.0,
        "ci_low": 0.8153920951986041,
        "ci_high": 0.9233459469108453
      },
      "fusion": {
        "accuracy": 0.9716312056737588,
        "support": 141.0,
        "correct": 137.0,
        "ci_low": 0.9293304990335695,
        "ci_high": 0.9889139832146244
      }
    },
    "tabular_minus_image": 0.4113475177304965
  },
  "warnings": []
}