{
  "labels": [
    "edge_ring",
    "center_blob",
    "leak_top",
    "leak_bottom"
  ],
  "thresholds": {
    "edge_ring": 0.5,
    "center_blob": 0.5,
    "leak_top": 0.5,
    "leak_bottom": 0.5
  },
  "heads_present": [
    "image_only",
    "tabular_only",
    "fusion"
  ],
  "head_group_accuracy": {
    "image_only": {
      "real_single": {
        "accuracy": 0.7,
        "support": 180.0,
        "correct": 126.0,
        "ci_low": 0.6294454640382406,
        "ci_high": 0.7621960360357359
      },
      "real_composite": {
        "accuracy": 0.5333333333333333,
        "support": 60.0,
        "correct": 32.0,
        "ci_low": 0.40893208671135106,
        "ci_high": 0.65372298459012
      },
      "synthetic_composite": {
        "accuracy": 0.6066666666666667,
        "support": 150.0,
        "correct": 91.0,
        "ci_low": 0.5267647239233271,
        "ci_high": 0.6812414330589196
      }
    },
    "tabular_only": {
      "real_single": {
        "accuracy": 1.0,
        "support": 180.0,
        "correct": 180.0,
        "ci_low": 0.9791037501849418,
        "ci_high": 1.0
      },
      "real_composite": {
        "accuracy": 0.5166666666666667,
        "support": 60.0,
        "correct": 31.0,
        "ci_low": 0.39307594850843575,
        "ci_high": 0.6382515871422999
      },
      "synthetic_composite": {
        "accuracy": NaN,
        "support": 0.0,
        "correct": 0.0,
        "ci_low": 0.0,
        "ci_high": 1.0
      }
    },
    "fusion": {
      "real_single": {
        "accuracy": 0.9722222222222222,
        "support": 180.0,
        "correct": 175.0,
        "ci_low": 0.936631043591737,
        "ci_high": 0.9880780538051525
      },
      "real_composite": {
        "accuracy": 0.9833333333333333,
        "support": 60.0,
        "correct": 59.0,
        "ci_low": 0.9114466177322051,
        "ci_high": 0.9970519161391262
      },
      "synthetic_composite": {
        "accuracy": NaN,
        "support": 0.0,
        "correct": 0.0,
        "ci_low": 0.0,
        "ci_high": 1.0
      }
    }
  },
  "kpi_by_head": {
    "image_only": {
      "single_acc": 0.7,
      "composite_acc": 0.5333333333333333,
      "kpi_product": 0.3733333333333333,
      "single_support": 180.0,
      "composite_support": 60.0,
      "composite_ci_low": 0.40893208671135106,
      "composite_ci_high": 0.65372298459012
    },
    "tabular_only": {
      "single_acc": 1.0,
      "composite_acc": 0.5166666666666667,
      "kpi_product": 0.5166666666666667,
      "single_support": 180.0,
      "composite_support": 60.0,
      "composite_ci_low": 0.39307594850843575,
      "composite_ci_high": 0.6382515871422999
    },
    "fusion": {
      "single_acc": 0.9722222222222222,
      "composite_acc": 0.9833333333333333,
      "kpi_product": 0.9560185185185185,
      "single_support": 180.0,
      "composite_support": 60.0,
      "composite_ci_low": 0.9114466177322051,
      "composite_ci_high": 0.9970519161391262
    }
  },
  "fusion_gain": {
    "fusion_kpi": 0.9560185185185185,
    "best_unimodal_kpi": 0.5166666666666667,
    "gain": 0.43935185185185177,
    "gain_over_image_only": 0.5826851851851852,
    "gain_over_tabular_only": 0.43935185185185177
  },
  "collapse_diagnostic": {
    "available": 1.0,
    "n_composite": 60.0,
    "image_only_subset_acc": 0.5333333333333333,
    "fusion_subset_acc": 0.9833333333333333,
    "fusion_gain_over_image": 0.44999999999999996,
    "tabular_rescue_candidates": 18.0,
    "fusion_followed_tabular": 17.0,
    "fusion_follow_rate": 0.9444444444444444,
    "fusion_regressions": 0.0
  },
  "identity_slice": {
    "identity_labels": [
      "leak_top",
      "leak_bottom"
    ],
    "n": 141.0,
    "by_head": {
      "image_only": {
        "accuracy": 0.41843971631205673,
        "support": 141.0,
        "correct": 59.0,
        "ci_low": 0.3402353922897745,
        "ci_high": 0.5009704491259513
      },
      "tabular_only": {
        "accuracy": 0.8652482269503546,
        "support": 141.0,
        "correct": 122.0,
        "ci_low": 0.7991140974492768,
        "ci_high": 0.9120075692542118
      },
      "fusion": {
        "accuracy": 0.9574468085106383,
        "support": 141.0,
        "correct": 135.0,
        "ci_low": 0.9102739993844777,
        "ci_high": 0.9803541074577555
      }
    },
    "tabular_minus_image": 0.4468085106382979
  },
  "warnings": []
}